ID;Épica;Historia de usuario;Prioridad;Valor;Estimación (puntos);Criterios de aceptación;Sprint sugerido;Estado
HU-01;Autenticación;Como visitante quiero registrarme e iniciar sesión para acceder de forma segura a la plataforma.;Must have;Muy alto;5;El sistema valida los datos, evita correos o usuarios duplicados y permite iniciar sesión con credenciales válidas.;Sprint 1;Pendiente
HU-02;Autenticación;Como usuario quiero cerrar sesión y renovar mi sesión para proteger mi cuenta durante el uso de la plataforma.;Must have;Alto;3;La sesión se cierra correctamente y el acceso se mantiene mientras el token sea válido.;Sprint 1;Pendiente
HU-03;Perfil;Como usuario quiero consultar y editar mi perfil para mantener actualizada mi información personal.;Must have;Alto;5;Puedo editar nombres, biografía, teléfono, ubicación, avatar y visibilidad del correo.;Sprint 1;Pendiente
HU-04;Repositorios;Como usuario quiero crear un repositorio para organizar un proyecto académico o profesional.;Must have;Muy alto;5;Puedo registrar nombre, descripción y visibilidad del repositorio; el repositorio aparece en mi lista.;Sprint 1;Pendiente
HU-05;Repositorios;Como usuario quiero consultar mis repositorios para acceder rápidamente a mis proyectos.;Must have;Muy alto;3;La plataforma muestra repositorios propios y compartidos con nombre, descripción, visibilidad y estado.;Sprint 1;Pendiente
HU-06;Repositorios;Como propietario quiero definir roles y permisos para controlar qué puede hacer cada colaborador.;Must have;Muy alto;8;Puedo asignar roles, consultar permisos y restringir acciones según el rol asignado.;Sprint 2;Pendiente
HU-07;Colaboración;Como propietario quiero invitar usuarios a un repositorio para trabajar con un equipo.;Must have;Muy alto;5;Puedo enviar una invitación, consultar su estado y cancelarla si aún no fue aceptada.;Sprint 2;Pendiente
HU-08;Colaboración;Como usuario invitado quiero aceptar o rechazar invitaciones para decidir en qué proyectos participar.;Must have;Alto;3;Puedo ver invitaciones pendientes y aceptar o rechazar cada una.;Sprint 2;Pendiente
HU-09;Archivos;Como miembro autorizado quiero cargar archivos y organizarlos en carpetas para mantener ordenado el repositorio.;Must have;Muy alto;8;Puedo cargar archivos permitidos, ver su nombre y tamaño, y organizarlos dentro de carpetas.;Sprint 2;Pendiente
HU-10;Archivos;Como miembro autorizado quiero descargar o eliminar archivos según mis permisos para administrar el contenido.;Should have;Alto;5;La descarga funciona y la eliminación solo está disponible para usuarios autorizados.;Sprint 3;Pendiente
HU-11;Notas;Como miembro quiero crear y editar notas para documentar decisiones, avances y conocimiento del proyecto.;Should have;Alto;5;Puedo crear, consultar, editar y eliminar mis notas según los permisos del repositorio.;Sprint 3;Pendiente
HU-12;Etiquetas;Como usuario quiero etiquetar archivos para encontrarlos y clasificarlos con facilidad.;Should have;Medio;5;Puedo crear o seleccionar etiquetas y asociarlas a archivos; las etiquetas se muestran en la consulta.;Sprint 3;Pendiente
HU-13;Búsqueda;Como usuario quiero filtrar el contenido de mis repositorios para localizar archivos, notas o carpetas rápidamente.;Should have;Alto;5;Puedo buscar por nombre o filtrar por tipo, etiqueta y repositorio; los resultados son relevantes.;Sprint 3;Pendiente
HU-14;Notificaciones;Como usuario quiero recibir notificaciones sobre invitaciones y cambios importantes para no perder información relevante.;Should have;Medio;3;Las notificaciones aparecen ordenadas, indican su origen y pueden marcarse como leídas.;Sprint 3;Pendiente
HU-15;Bitácora;Como propietario quiero consultar una bitácora de actividades para auditar los cambios realizados en el repositorio.;Could have;Medio;5;La bitácora muestra usuario, acción, fecha y recurso afectado.;Sprint 4;Pendiente
HU-16;Administración;Como administrador quiero gestionar usuarios y catálogos para mantener la plataforma controlada y actualizada.;Could have;Medio;8;Puedo consultar usuarios, cambiar su estado y administrar catálogos habilitados.;Sprint 4;Pendiente
HU-17;Redes sociales;Como usuario quiero agregar mis redes sociales al perfil para compartir información profesional.;Could have;Bajo;3;Puedo agregar, editar y eliminar enlaces de redes sociales desde mi perfil.;Sprint 4;Pendiente
HU-18;Experiencia;Como usuario quiero recibir mensajes claros de validación y error para entender qué debo corregir.;Should have;Alto;3;Los formularios muestran mensajes comprensibles y las operaciones exitosas muestran confirmación.;Sprint 1;Pendiente
HU-19;Seguridad;Como usuario quiero que mis credenciales se almacenen protegidas para reducir el riesgo de exposición de datos.;Must have;Muy alto;5;Las contraseñas no se almacenan en texto plano y las rutas protegidas requieren autenticación.;Sprint 1;Pendiente
HU-20;Salud del sistema;Como equipo de soporte quiero consultar el estado de la API para detectar fallos de disponibilidad.;Could have;Medio;2;Existe un endpoint de salud que informa si el backend está operativo.;Sprint 4;Pendiente